{
  "bin_file": "demo/output/run1/input_0.bin",
  "name": "data",
  "w": 227,
  "h": 227,
  "c": 3,
  "dims": 3,
  "elemsize": 4,
  "elempack": 1,
  "total_elements": 154596,
  "shape": [3, 227, 227],
  "sample_values": [0.010000, 0.010000, 0.010000, 0.010000, 0.010000, 0.010000, 0.010000, 0.010000, ...]
}
